date,sellingprice,odometer,year,mmr
2020-01-01,23914.36939669944,79193.52476082195,2016,21937.588446156744
2020-01-02,25045.32700333253,66294.14326793252,2017,24982.15971017322
2020-01-03,25243.502802452174,71248.10018415847,2021,27286.33530855542
2020-01-04,24939.17540001019,90299.50844145681,2020,24637.148035845825
2020-01-05,24976.513931058173,14764.54129415964,2017,25922.30370887259
2020-01-06,25400.923504265327,27904.873384990875,2018,23725.785390816436
2020-01-07,25144.471513289795,75177.4546434081,2018,23870.94486606388
2020-01-08,25221.0452398851,46741.213933555344,2020,24835.167797205482
2020-01-09,25485.031452450483,68519.19216103535,2015,24535.998151504577
2020-01-10,25496.49180473636,90798.86008694206,2019,26230.160238531425
2020-01-11,25534.286182089938,76240.30839548018,2018,27201.32004396959
2020-01-12,25623.890932122642,93980.55465227467,2016,24896.651942809633
2020-01-13,25829.46082292031,23674.744433017375,2021,27189.227522917994
2020-01-14,25859.742294710395,78096.6367311315,2018,24722.7479141518
2020-01-15,25903.87671024027,73236.43098447923,2015,25401.788318800405
2020-01-16,25946.776691210343,10679.746441450461,2016,23536.665023255984
2020-01-17,26142.519546502528,13867.785951802794,2016,24284.391282023193
2020-01-18,26317.02882955277,13039.262747479599,2016,24277.11507721709
2020-01-19,26411.589747875532,57485.565819211384,2018,26817.974688671187
2020-01-20,26465.645206894194,79885.88191980564,2020,27141.314744094107
2020-01-21,26530.370042113107,46482.183972853505,2018,24171.192230488006
2020-01-22,26621.871171584706,10290.68996442009,2021,26933.845128393332
2020-01-23,26597.7186442608,25740.522041239274,2015,27944.373680369914
2020-01-24,26660.823534982654,95365.44178258043,2017,26682.824152434412
2020-01-25,26618.463963264418,32019.620139423998,2020,26414.457167499222
2020-01-26,26599.403977662147,86804.70464240396,2021,27313.78438136862
2020-01-27,26634.943856545906,43334.88422216162,2021,26009.005515880883
2020-01-28,26580.17608252709,56916.714561566536,2019,27151.942855114827
2020-01-29,26569.00440019986,54075.9267436777,2015,28825.1859606669
2020-01-30,26529.68733188642,22103.2678564805,2019,28412.72055167741
2020-01-31,26564.55789020509,42954.67276131277,2016,27827.660084927382
2020-02-01,26440.699772974982,99967.98257303734,2015,28416.039083156054
2020-02-02,26370.501234581352,60771.38568685543,2017,25314.352407933657
2020-02-03,26391.44096301071,51871.17390536857,2021,27713.419260828105
2020-02-04,26431.656306976878,59422.914186972484,2018,25329.747979200867
2020-02-05,26356.985456657712,33670.81661755228,2016,26443.163586368875
2020-02-06,26420.50003772822,60972.95933855521,2020,26355.963644469608
2020-02-07,26436.86294575336,75548.78793469637,2019,24043.995476927284
2020-02-08,26341.31012365131,19511.554104597017,2016,26712.106492730712
2020-02-09,26352.712565459587,35060.46960240122,2016,26378.556659584232
2020-02-10,26318.91491381515,28803.00562234436,2015,26419.783694595943
2020-02-11,26232.540541440925,77039.13084898467,2018,23776.380931012412
2020-02-12,26135.781049995614,94209.99199549087,2020,25478.18078550928
2020-02-13,26140.407881994874,48221.84771436808,2015,25738.74725828045
2020-02-14,26129.216339568477,66992.13411086061,2018,27364.24393820492
2020-02-15,26104.84678535575,12809.094426314825,2015,27329.050062055012
2020-02-16,26071.73836471823,21833.8849040348,2018,25454.633630673176
2020-02-17,25972.725268404032,44600.550732115305,2017,25472.327613721995
2020-02-18,25931.7444226559,69795.28580833942,2018,27024.96866625958
2020-02-19,25953.39278772188,67629.56547078949,2017,25536.03779989097
2020-02-20,25845.950563118087,27294.08432501241,2015,26396.903324440245
2020-02-21,25722.56083479187,21960.6554263846,2018,24525.750732128792
2020-02-22,25773.753358946862,94426.44821336796,2020,23473.8570463959
2020-02-23,25671.06227551012,41982.3747946384,2017,26668.5635322364
2020-02-24,25678.45918263834,51438.8816275763,2019,26545.458312134422
2020-02-25,25701.7436546972,18582.37470079738,2017,23560.099439993766
2020-02-26,25669.602855880043,91921.12536941461,2017,23228.07092893299
2020-02-27,25746.390933289927,70121.66179773195,2021,23184.384192580605
2020-02-28,25774.072705592,55897.386533732744,2015,23866.234503190608
2020-02-29,25814.301208108307,48813.916538616875,2016,24327.0939880027
2020-03-01,25775.81434892816,14631.896055505658,2017,27616.292972407107
2020-03-02,25877.414271263337,29286.47872790292,2018,25532.442762268016
2020-03-03,25931.985951777642,87047.1277676519,2021,26721.24583592936
2020-03-04,25899.51663498688,65998.39715075196,2021,28332.760837253543
2020-03-05,25907.739250702492,27448.76082504577,2015,25607.30551512455
2020-03-06,25935.91273106034,27028.289581057226,2018,27486.63959936932
2020-03-07,25936.47259971716,41511.296128739705,2017,25345.686928356925
2020-03-08,25908.617469145272,65376.68844976189,2015,27159.838834784397
2020-03-09,25904.59896886279,58817.37337161684,2016,24682.32149494717
2020-03-10,25912.166973762112,57433.13876902322,2016,27922.053718496023
2020-03-11,25968.753944738535,88203.77198303828,2020,23642.965593283112
2020-03-12,26016.488835842043,87512.63109617378,2018,25768.3685917153
2020-03-13,26089.78147202224,86067.86525240111,2021,28639.2691226658
2020-03-14,26059.200670803883,73220.65153835145,2015,24202.394320833406
2020-03-15,26005.76513218814,45320.51921642617,2020,23931.92404753163
2020-03-16,26072.82256437892,34240.98431038407,2018,25196.184420264977
2020-03-17,26014.884928873584,96012.33755568838,2021,24121.304257435077
2020-03-18,26035.2649923954,14075.646656845238,2016,26960.89480209813
2020-03-19,26015.983941278217,65654.47659648483,2021,26611.398176620318
2020-03-20,25931.83010313596,86151.17101900167,2021,26067.506184616792
2020-03-21,26063.302065296917,34472.16189664051,2021,28514.80434854871
2020-03-22,26123.74503076457,98087.14645556225,2018,25162.226001787847
2020-03-23,26171.807593547157,89733.15747478454,2020,25878.908874704204
2020-03-24,26277.927158953633,27939.527964697158,2019,26085.139212996037
2020-03-25,26320.569898354344,34327.838524000515,2017,27400.11203017176
2020-03-26,26304.089718057767,90757.26190979166,2021,24869.762606882312
2020-03-27,26306.29003780028,19832.66140490466,2016,27650.71802586314
2020-03-28,26264.328186110466,26962.945445952686,2019,24611.324607162755
2020-03-29,26341.33443669144,64769.446823645856,2016,28854.52986453668
2020-03-30,26368.485836214284,23231.29105272509,2017,28754.469035343554
2020-03-31,26489.607838902044,61529.06538085292,2021,25957.30292570159
2020-04-01,26477.280270838924,61799.069189364054,2020,28488.765773622075
2020-04-02,26528.318280677704,63671.89605821605,2016,25967.567359554523
2020-04-03,26666.013151462113,32563.12520577573,2016,26885.75732503285
2020-04-04,26660.25159534077,83897.27800837366,2015,27980.938182409405
2020-04-05,26718.471101244475,97339.9259965,2021,28100.378224737473
2020-04-06,26729.355626364788,35009.74202262125,2020,28792.12507183471
2020-04-07,26737.719989508663,87894.3987252338,2019,26533.271780491643
2020-04-08,26833.546355805338,36374.683582204394,2021,27336.643906817295
2020-04-09,26854.396527876044,41403.44025357524,2018,27229.75893916612
2020-04-10,26896.949616578957,80689.9101629478,2016,26926.903143678814
2020-04-11,26891.850568066515,22359.70883925411,2020,27938.868772182468
2020-04-12,26906.084448753416,15562.68156406868,2017,25612.355997511306
2020-04-13,27054.367822138884,44796.93401963738,2021,24702.24807157659
2020-04-14,27145.061832266187,21671.48985080079,2016,27246.581608683588
2020-04-15,27127.72610720993,17159.747988767842,2017,26739.073778407575
2020-04-16,27158.590923949952,62985.52181940207,2019,27306.288056626832
2020-04-17,27107.241198992167,26557.727088718668,2018,27719.32407757917
2020-04-18,27150.80918256105,37081.116053889564,2016,26417.34492867493
2020-04-19,27147.07441352406,75617.97099155954,2018,26099.050682940306
2020-04-20,27081.91609326744,18369.61497527877,2018,28033.69371058453
2020-04-21,27131.851154998345,99457.14110325997,2017,26591.8442637188
2020-04-22,27032.06226379285,37788.10012400402,2016,28833.123818344884
2020-04-23,26996.440541045966,59106.63266644888,2015,28412.53407109662
2020-04-24,27009.747368794153,81266.45332634085,2016,29177.82417000639
2020-04-25,27018.771734095808,31330.5847620245,2015,24836.643158366143
2020-04-26,26955.529981986572,40704.73810741636,2015,25127.342680377642
2020-04-27,26937.45927173482,28564.189042077884,2019,27518.563733006456
2020-04-28,26880.421143255197,44072.04805814433,2019,28001.144012103465
2020-04-29,26749.3744967846,76144.30052487012,2015,25202.958242746045
2020-04-30,26638.61076827618,74298.42044285477,2020,24104.159162722204
2020-05-01,26594.19159407493,26381.7260828329,2016,28517.332094138812
2020-05-02,26519.04933411384,52923.156586306366,2021,27994.45118421827
2020-05-03,26426.90132728241,71938.60899957977,2019,28652.843541550472
2020-05-04,26409.3688890396,76433.49050698383,2021,25298.582773424878
2020-05-05,26279.388564304172,67243.32746504768,2019,26330.67286070365
2020-05-06,26251.97133332579,27534.044097722974,2019,27442.900364576442
2020-05-07,26219.63626253397,88127.11498685738,2021,26879.57115304014
2020-05-08,26124.83088218889,35960.29967239722,2020,23577.291469544743
2020-05-09,26017.455076885293,43292.962270152755,2017,26068.77932835142
2020-05-10,25858.638387324623,60264.802173690805,2021,28350.69759003989
2020-05-11,25781.081683762877,87344.06544225011,2015,24400.94223394128
2020-05-12,25622.975757352673,68468.52808595376,2016,25397.13616313515
2020-05-13,25435.93377854516,73151.89340310218,2020,27000.311336385188
2020-05-14,25349.292453482845,29473.145171820248,2019,24163.5528010323
2020-05-15,25244.77631298049,41730.564173198894,2021,24773.64830620656
2020-05-16,25105.343141347174,22320.407623740288,2021,26061.61736296304
2020-05-17,25111.815959380932,76321.30746767388,2017,24860.159987337425
2020-05-18,25032.154030442507,95388.20259047953,2021,27305.448727971594
2020-05-19,24957.83642493074,76138.14353381871,2016,26705.862082638272
2020-05-20,24829.014987076724,21221.08444328753,2016,23786.093089020807
2020-05-21,24677.042129941623,72402.88171250993,2020,22212.086558639403
2020-05-22,24629.992755391642,48990.26720128853,2016,24808.470726650277
2020-05-23,24511.99417267813,18290.27637986827,2016,26243.81416499189
2020-05-24,24386.14814704706,99952.6755967163,2016,26381.80034726521
2020-05-25,24261.2067671734,75171.2761663661,2021,22427.171413818436
2020-05-26,24215.89813915356,66019.41723310499,2019,26111.528705752313
2020-05-27,24174.908162085318,88578.80860319425,2017,24163.675781390695
2020-05-28,24000.987591633686,39280.69850326664,2021,26301.250088035624
2020-05-29,23975.8539390387,70016.05812854946,2016,25422.611949331866
2020-05-30,23899.551915478285,52145.23892195804,2016,22305.898052727247
2020-05-31,23837.148498133432,21155.479095719624,2015,23965.803237035954
2020-06-01,23699.703616061608,58696.274234904726,2018,25506.93773059649
2020-06-02,23529.94938278454,66871.85389488703,2016,25005.086286032587
2020-06-03,23364.37067079863,52592.491348329175,2017,25551.802623054977
2020-06-04,23305.452084278302,21274.44013392791,2015,24863.235562862646
2020-06-05,23227.891997724928,16775.485730210254,2016,25509.549872744745
2020-06-06,23129.297801449975,69835.46182824319,2018,23243.17848921315
2020-06-07,23099.939223796282,85411.73475905856,2020,23544.695828887674
2020-06-08,23059.372459817394,93168.4640877978,2018,21075.57884123365
2020-06-09,23043.615940300653,44936.726823428246,2018,22555.374499253943
2020-06-10,23029.08224889921,94448.42512417832,2015,22179.34657179941
2020-06-11,23018.97442963411,83782.31248879166,2021,24938.85366287036
2020-06-12,22996.872895517685,48163.750152698565,2020,22220.617830671166
2020-06-13,22963.724227678158,46568.802958378496,2015,24737.05539841149
2020-06-14,22897.849469370627,40013.092239930054,2021,21703.49145882031
2020-06-15,22946.535325419587,16220.494543434976,2020,23322.81948821593
2020-06-16,22834.072937723042,10875.35223086775,2017,22992.29376800947
2020-06-17,22774.836212403654,32094.879713936796,2015,20945.840732652872
2020-06-18,22770.609550259935,32915.561414141725,2021,21937.872240571167
2020-06-19,22760.41526264644,75669.4941321441,2017,24971.892230042526
2020-06-20,22754.917263373838,24163.36095951942,2018,23184.893010869557
2020-06-21,22693.149202909655,72317.94705729459,2019,24175.27440135361
2020-06-22,22693.26294860499,75730.1769959567,2018,23689.415541880906
2020-06-23,22700.29888307758,51374.544481985795,2015,24517.81695483816
2020-06-24,22771.71469362879,20588.815394871523,2021,22063.440949885
2020-06-25,22784.907200587782,74755.86507654644,2016,21513.80258696237
2020-06-26,22733.807900906373,92228.25261581599,2015,20785.53319498329
2020-06-27,22751.82790669526,42956.15087594359,2017,24306.93675935552
2020-06-28,22776.83974891455,78286.57995718237,2019,22880.80700328578
2020-06-29,22798.360461780765,76772.68461703545,2020,23798.24603825213
2020-06-30,22865.864496270453,14863.795076765029,2015,20872.317196232034
2020-07-01,22988.885881939892,15013.68990339573,2021,24582.208432932253
2020-07-02,23069.761146928802,70895.59667980655,2015,23451.315661575572
2020-07-03,23116.26156976135,84781.68997741128,2020,21349.227819218024
2020-07-04,23056.44286280549,92850.57129857667,2020,23049.465972511225
2020-07-05,23050.60669111644,22749.681093166975,2016,23498.292735157138
2020-07-06,23066.222952852724,62505.11873742397,2018,22331.5873126898
2020-07-07,23038.32434085961,35384.77785900121,2017,24011.076848866356
2020-07-08,23085.004439434295,30043.078037471325,2017,23460.522075421184
2020-07-09,23117.82249896998,76454.96972758116,2017,24691.74775016329
2020-07-10,23149.33805921576,47187.269048989685,2018,24832.218876065403
2020-07-11,23175.76921285635,49392.28978018286,2021,21146.695273275895
2020-07-12,23170.27448044118,85996.11349059538,2015,23849.072372207054
2020-07-13,23174.55265064729,31481.627032940898,2019,24206.335108305466
2020-07-14,23114.18161566115,57550.813996576246,2019,21462.082687366397
2020-07-15,23069.075710279463,84493.93425743698,2021,24838.23588448696
2020-07-16,23113.625371934704,21869.992293736937,2021,24761.50761584548
2020-07-17,23108.263384205242,63656.46743231414,2020,21442.122316542274
2020-07-18,23115.55430718665,85347.10787190589,2021,24887.51171799749
2020-07-19,23175.992195538798,78801.89882591074,2021,23855.710178079815
2020-07-20,23157.089311750315,89603.38993335639,2020,24485.302735347985
2020-07-21,23250.075911052565,12930.777910141143,2016,24638.342149103602
2020-07-22,23261.85610140823,72231.05307797622,2020,21688.573192287207
2020-07-23,23235.754374500957,28354.285693589783,2017,21203.426959032575
2020-07-24,23163.591600653224,60131.68552717042,2015,23798.21844836488
2020-07-25,23130.487151266716,79730.10088852799,2016,22377.584405093094
2020-07-26,23096.62420741833,47817.23185787263,2021,21990.107111820187
2020-07-27,23079.059023750993,73378.33396322397,2020,21370.58680826371
2020-07-28,23052.573474910463,85636.96282235686,2018,24709.48726512584
2020-07-29,23034.080926224924,95114.68208779102,2018,23363.15573247349
2020-07-30,22966.56786097919,59058.379466587256,2020,24513.18205916378
2020-07-31,22869.34169862569,38448.993745013206,2016,23128.91315974506
2020-08-01,22789.322281816192,45102.35380119638,2016,20731.505867361597
2020-08-02,22737.45525801559,87903.72407110674,2020,21461.935087560818
2020-08-03,22825.685812898148,31628.49676082182,2018,24273.760602514478
2020-08-04,22820.41050821165,89493.79604802313,2020,21411.29372001554
2020-08-05,22809.407830386805,15205.26191699201,2019,24690.327105237742
2020-08-06,22737.678601993448,97419.2948507944,2019,21917.998430223295
2020-08-07,22664.55612240734,20719.650084342837,2017,22312.692522341662
2020-08-08,22554.84988890168,89505.01508492323,2019,23285.902108320286
2020-08-09,22474.02428080017,58669.45102587644,2018,23822.730164605902
2020-08-10,22394.570961007223,60519.497291544525,2017,23584.127298467356
2020-08-11,22321.184585230745,98259.03586423825,2016,23733.6022881157
2020-08-12,22280.36052678399,95622.58990140363,2017,22323.26340703385
2020-08-13,22274.328015240153,81874.73318648993,2017,21480.90176203366
2020-08-14,22188.026869415997,68642.51029390036,2019,20922.964911874267
2020-08-15,22079.80060988102,70993.12480422894,2021,24107.63696462529
2020-08-16,21984.484653956824,22012.167524216555,2018,22308.62111762663
2020-08-17,21931.41240980624,52066.47947085738,2020,23988.43860001916
2020-08-18,21791.443798852448,48624.92204964939,2015,21762.561520160354
2020-08-19,21774.947659120728,19171.821247276355,2016,21231.223055641967
2020-08-20,21633.73293015012,11019.55937712809,2018,22115.432564373987
2020-08-21,21555.694207981072,11464.147687677776,2020,23681.547259559466
2020-08-22,21511.815711395884,76371.9919123969,2017,23080.94721325231
2020-08-23,21452.234937328805,50271.04109950447,2019,21064.191782484893
2020-08-24,21440.669200367254,54151.71558293693,2017,19480.980967796924
2020-08-25,21419.2437864432,32820.0948690856,2017,21028.095422167335
2020-08-26,21400.434882413057,58675.44996284704,2019,22507.60353729395
2020-08-27,21346.64784299739,21448.63528329658,2020,19219.338757490194
2020-08-28,21303.325886060138,24719.47529527489,2017,22720.71138852828
2020-08-29,21264.006915281156,83587.96298216209,2021,20244.74985045864
2020-08-30,21256.76939467942,12468.64177732034,2020,20687.72626758485
2020-08-31,21251.53449680769,92441.21610970484,2020,23039.56794718823
2020-09-01,21273.345403394247,40436.913172836954,2021,20737.794870753954
2020-09-02,21199.038654366264,93894.25506906662,2019,21106.562885243635
2020-09-03,21185.46506655162,15732.891788457982,2021,20947.777667396167
2020-09-04,21101.99336801068,38143.007910273605,2021,20523.428288867948
2020-09-05,21084.535871863365,63385.204913573674,2020,19319.629487343012
2020-09-06,21107.999392692236,94402.43574118265,2015,20786.600042748803
2020-09-07,21228.929711961013,18100.318029775874,2016,21199.837251066445
2020-09-08,21297.664256032414,82827.37406896078,2017,20097.779405804482
2020-09-09,21311.109415761854,65172.152917283485,2016,22699.10795943484
2020-09-10,21300.2727395305,67600.72490052012,2016,21277.168537954592
2020-09-11,21332.091749753065,99307.81911739084,2015,20216.715827638935
2020-09-12,21421.01133820984,38897.45326531408,2016,19708.889765693264
2020-09-13,21519.13317298792,42416.917409793605,2018,21854.08694849472
2020-09-14,21623.534324389282,58226.848771766665,2015,21530.842791500734
2020-09-15,21725.513812682748,66257.54633510919,2019,22660.68669487757
2020-09-16,21884.596591718473,38057.15077858535,2019,24021.9818910692
2020-09-17,22007.007530897456,73569.11822563923,2017,20688.492720218048
2020-09-18,22050.307632937867,17391.21392107589,2021,23078.56224171627
2020-09-19,22132.475051068595,27532.43065436012,2021,21829.30521977983
2020-09-20,22192.7343745048,11192.667488475758,2018,21728.073006136616
2020-09-21,22300.751849658664,77465.81009834712,2015,21359.51861717107
2020-09-22,22392.69165797183,95310.82942195733,2018,21754.733849725875
2020-09-23,22471.944386130766,79183.99016766477,2020,20754.429512392064
2020-09-24,22583.29552121699,25558.4002828017,2015,22381.821884392113
2020-09-25,22702.12069603893,35547.207669045216,2019,23099.75298148996
2020-09-26,22823.0492016683,70406.04503993716,2016,21816.74661986626
2020-09-27,22875.156954474,37850.19618431927,2018,22663.205544070563
2020-09-28,22925.49866794016,46613.661084735504,2017,22797.293113489122
2020-09-29,23069.28246812155,33022.35686540596,2018,23805.651738235396
2020-09-30,23187.585617622477,58080.40768402322,2021,23574.94871188425
2020-10-01,23235.751766877365,88252.86619555257,2015,25296.695982896403
2020-10-02,23331.0287326852,31572.354734239478,2019,23452.635570187682
2020-10-03,23459.034210061243,57658.35098434989,2020,23962.68837521507
2020-10-04,23589.86640181177,69850.32841960942,2017,23734.238916649378
2020-10-05,23715.45526122383,10591.824278632834,2017,22980.754073437445
2020-10-06,23785.621852538723,32767.54856302827,2017,22178.659440870448
2020-10-07,23784.86773845912,61054.06802250725,2018,21484.32535788629
2020-10-08,23818.821846550578,84267.95542594077,2020,22494.769258545635
2020-10-09,23890.135769889243,30516.532936232798,2018,24168.712711843695
2020-10-10,24027.931608923107,90896.2962689171,2015,21757.0924470329
2020-10-11,24085.41763430118,84210.89095194932,2016,23208.06523560449
2020-10-12,24156.4514857154,45466.7316548079,2017,21938.85856035272
2020-10-13,24169.499071882547,83212.7442919097,2017,25071.351423976816
2020-10-14,24291.807760458483,86432.37168580052,2016,24357.19586636392
2020-10-15,24327.17218047001,35349.419997766534,2019,26235.928773555966
2020-10-16,24314.540953401196,20363.61975403977,2021,24944.850643153037
2020-10-17,24351.512569945913,19082.69671371103,2018,25344.981172061085
2020-10-18,24447.385632301975,89267.51198269997,2017,26316.27687379697
2020-10-19,24547.121526530336,54496.19937151508,2020,26494.298263746958
2020-10-20,24596.549270560485,70430.73718301905,2020,23950.730286264323
2020-10-21,24553.94139158463,45105.21320728189,2015,24970.584970170756
2020-10-22,24638.644794919524,80222.69492843459,2018,24163.345402624916
2020-10-23,24724.820699848686,84179.18688145372,2021,25053.14808815502
2020-10-24,24769.11912722109,90328.21388859478,2017,26954.723430177888
2020-10-25,24768.823169108855,67759.28315281853,2016,27211.830728642006
2020-10-26,24812.182545205567,90290.83631709793,2020,24671.854331851468
2020-10-27,24903.245473058527,88016.7792565324,2020,22734.4278566159
2020-10-28,24940.061267591213,34447.935563385734,2020,27234.25333130936
2020-10-29,24886.55857615126,62969.309603302616,2015,22987.702025621267
2020-10-30,24937.902722809427,33594.28530469375,2015,22565.771408849512
2020-10-31,24983.180967956283,67403.72415969847,2018,25975.63475482909
2020-11-01,25050.95037755098,90743.27663740474,2017,26799.89586645051
2020-11-02,24982.53090084005,53482.56418829034,2017,25570.41639636455
2020-11-03,25047.921753307623,84210.41529670756,2015,25517.187139212765
2020-11-04,25077.25818106177,11539.407545970182,2016,24217.594844938474
2020-11-05,25080.506115847347,88042.90844367519,2017,25711.107320896084
2020-11-06,25143.066491373054,94978.28474501979,2016,26775.663497064623
2020-11-07,25183.52432631994,38206.57757291496,2016,24311.39674142508
2020-11-08,25175.840953374423,73868.09613671005,2021,24978.55880806713
2020-11-09,25184.92621025022,83730.78445550537,2020,25901.261252475822
2020-11-10,25212.391298587994,21184.11718748734,2017,26632.468518058697
2020-11-11,25198.306343519424,47300.133870151,2021,25891.868352387057
2020-11-12,25210.65169441017,28592.506600666315,2016,23482.27537773633
2020-11-13,25110.357074547843,77190.30079092787,2021,25260.129392384293
2020-11-14,25116.60626148644,46532.334466030414,2018,24791.986347789887
2020-11-15,25091.512052322563,10012.234793248692,2021,25821.854384577437
2020-11-16,25060.589887499198,33637.02968909337,2017,25792.299129338502
2020-11-17,24953.458029333728,28297.22048345111,2017,22944.289826293214
2020-11-18,24868.91976688922,16729.14231094155,2021,23071.676684437818
2020-11-19,24812.160047074023,57773.54682564079,2021,22765.23913674829
2020-11-20,24854.13335870246,40325.0364706925,2019,22845.424077819145
2020-11-21,24777.854647699198,29703.825916537342,2017,24898.306859129003
2020-11-22,24618.97031777019,94299.98490877374,2021,22170.518969320263
2020-11-23,24556.95001774753,39140.03143486121,2015,25945.76905027698
2020-11-24,24510.207805312642,21493.2322359189,2021,24846.75052820343
2020-11-25,24464.718550390036,57086.048892486746,2021,25546.205213757792
2020-11-26,24403.320998294534,90310.25454291247,2020,24308.608807185028
2020-11-27,24464.51567437959,80016.20432448783,2015,26454.40776933328
2020-11-28,24443.010923802132,23337.029457330565,2016,26021.163061135252
2020-11-29,24397.122749809118,36908.24816477075,2020,24389.02959471525
2020-11-30,24377.993660268552,31345.17726891063,2017,23130.82405174038
2020-12-01,24307.296649206713,93487.23959789405,2017,22491.50252371989
2020-12-02,24321.39619586206,35135.80701017844,2018,25990.216022512355
2020-12-03,24303.687941218042,25244.361364796892,2021,25163.421875710574
2020-12-04,24329.71868161174,50960.544347144016,2018,23187.057874356142
2020-12-05,24278.01118145233,65060.29702692012,2017,25375.863786870465
2020-12-06,24221.865926489027,24266.10079873626,2019,23291.63441416284
2020-12-07,24188.062031577938,12205.954473095488,2020,23001.759061045483
2020-12-08,24260.37037384665,18528.85145683577,2016,25420.907777065855
2020-12-09,24238.452975456512,68585.29598941926,2021,25399.65749807554
2020-12-10,24144.509055796505,24710.352195542026,2021,25708.44500082742
2020-12-11,24170.55629678274,33295.90782025049,2020,25861.41959120105
2020-12-12,24200.15142203152,70814.68735388163,2021,24426.459106218317
2020-12-13,24254.46932255949,88422.58926433399,2021,23080.400242276777
2020-12-14,24249.72937721193,95740.45487035782,2015,24761.515947669977
2020-12-15,24316.988272490642,44522.451505428944,2020,23339.068200031674
2020-12-16,24369.4902359266,30373.432492641914,2018,25796.992140131486
2020-12-17,24447.183199709252,76521.90467479396,2021,22583.950715755433
2020-12-18,24471.668037244435,74118.15178162321,2018,23621.91406257627
2020-12-19,24531.256794311703,97698.03280737143,2016,22264.575025227856
2020-12-20,24520.145830663903,18809.923178130848,2015,24252.635938028765
2020-12-21,24570.571286238537,89032.9913826287,2016,22801.726551602842
2020-12-22,24648.457547379166,25809.421637362124,2021,26978.595406645985
2020-12-23,24781.638837650455,77260.18554913295,2021,24066.63479464697
2020-12-24,24779.56951672729,99588.27675264714,2021,26216.138891469964
2020-12-25,24782.611751000426,30860.059852787104,2015,26411.71637391293
2020-12-26,24830.57252386901,76796.18160854602,2015,22804.562994814147
2020-12-27,24847.796890170986,79674.17712509296,2015,25685.833781374222
2020-12-28,24908.62173297875,35286.34305261457,2017,24132.75430068605
2020-12-29,24990.50724748287,92910.74242348582,2021,23981.388746462024
2020-12-30,25017.94612824475,16269.760578118377,2015,26290.861795056266
2020-12-31,25085.553131309043,30599.19634336744,2017,23852.684247581903
2021-01-01,25194.13584310979,36512.14633986693,2015,24235.96815913159
2021-01-02,25197.69670535747,18104.809473400423,2019,26491.699144560516
2021-01-03,25219.217671547332,32072.696592603224,2018,24460.388076190102
2021-01-04,25328.658779278936,80844.70508071926,2019,24783.794011014947
2021-01-05,25318.57318430556,34051.01892005542,2020,26538.781772236034
2021-01-06,25359.23597968864,55595.41342329501,2015,23525.588031171465
2021-01-07,25408.16832504672,22181.851830541556,2021,26388.278140975526
2021-01-08,25463.88193511651,63251.83933078781,2017,24563.188226543796
2021-01-09,25522.52572681668,64978.331392808555,2016,27279.01168251703
2021-01-10,25574.802464057106,29643.478355438987,2021,26180.170109852996
2021-01-11,25588.175292163483,16718.614509228948,2020,23068.63174012659
2021-01-12,25618.21659619774,73160.62443905632,2017,23733.66049643593
2021-01-13,25685.07593713834,67009.2656451194,2015,26971.952485388305
2021-01-14,25605.49827854724,53402.51286768916,2019,24170.537933383483
2021-01-15,25652.84087411935,90588.03228376903,2017,23175.025526435362
2021-01-16,25630.794929029405,97954.24378416312,2019,26853.04141748183
2021-01-17,25617.426481560073,75915.471892889,2017,26501.62351801841
2021-01-18,25613.961442384723,96604.60224916607,2016,24196.328202173278
2021-01-19,25632.78046138564,23243.014844478643,2015,26278.22164908052
2021-01-20,25633.721528637667,24359.11376277665,2021,26285.78184833945
2021-01-21,25618.598895248237,99916.02441844552,2018,27869.885119685176
2021-01-22,25548.077712487568,43888.45016381025,2018,23492.69673324435
2021-01-23,25587.08520967454,60351.40881700633,2020,23905.706827162474
2021-01-24,25563.695475344764,95025.89922005366,2015,24552.11068003302
2021-01-25,25563.383069808937,64357.725959039664,2015,26925.59014094639
2021-01-26,25530.878523889638,88303.74748172755,2021,25387.33840520836
2021-01-27,25487.269323599307,73656.67751735655,2017,24815.364118395988
2021-01-28,25398.20395853135,87028.9208193479,2019,24795.450927816284
2021-01-29,25307.469871923287,52326.73787409248,2021,25348.306997252384
2021-01-30,25222.415489123818,95444.22042427017,2021,24339.18770131503
2021-01-31,25080.240293303457,21273.50515585284,2015,25991.806760380085
2021-02-01,25041.707997479847,82690.4026263141,2019,22663.409244070244
2021-02-02,24938.694798108867,31176.300298701393,2018,25426.501202883617
2021-02-03,24852.295365662667,65693.26838648887,2021,24158.677958656273
2021-02-04,24886.86254266666,79863.59995312155,2020,24781.8368133724
2021-02-05,24793.48136523534,73090.08380318273,2020,26048.05355247797
2021-02-06,24640.601601269234,49564.502914706485,2018,22351.44101389038
2021-02-07,24490.476246704537,93731.33821336082,2015,23102.229348481967
2021-02-08,24425.734757131817,24564.63789211045,2017,24481.635698872262
2021-02-09,24327.838293149165,74800.74218139281,2015,24898.4539764444
2021-02-10,24175.758628568477,32786.24007322444,2016,22653.396021834913
2021-02-11,24029.957368666688,71916.78397573996,2019,22564.445054090163
2021-02-12,23905.398901327117,27155.92491495697,2017,24497.31452721546
2021-02-13,23856.585437518173,14300.290420584482,2020,24924.25124028433
2021-02-14,23727.677288148225,80631.31360513352,2017,23489.96268830953
2021-02-15,23656.211498419176,83570.16295985116,2017,23400.298857539103
2021-02-16,23576.15572902105,24618.68552951135,2017,23105.416081290627
2021-02-17,23505.682536963097,82638.95851800549,2017,22341.89340252288
2021-02-18,23435.553550396042,39523.78371357937,2016,25711.56637892886
2021-02-19,23260.295555630626,61403.26676613389,2020,23845.82973095566
2021-02-20,23196.856384647548,64169.381317586754,2017,22529.99618700948
2021-02-21,23056.76015555765,92226.91698491607,2018,21930.726478723343
2021-02-22,22920.557529491947,61320.74686039475,2018,21780.941333583993
2021-02-23,22754.263891720697,88206.08566269263,2019,21923.517931200277
2021-02-24,22573.040741685905,47936.82544151289,2015,22819.94298940102
2021-02-25,22488.092197792383,68785.50791766023,2019,22855.437014074494
2021-02-26,22368.589232321097,27231.947543238755,2021,23092.042762944253
2021-02-27,22243.025550517254,74099.28741310428,2018,20124.282217136824
2021-02-28,22193.883062414057,93497.91183436863,2016,22534.869937301108
2021-03-01,22093.321326178055,48445.87325394171,2020,22453.304224036463
2021-03-02,22021.835068688168,68256.05922117262,2015,23868.435193787118
2021-03-03,21983.025206980947,58986.81761550005,2016,20802.737830648304
2021-03-04,21892.215011490778,11305.08106419724,2016,19892.603515862975
2021-03-05,21816.832409496787,91700.46623353599,2015,23761.76593053008
2021-03-06,21659.675066772466,82836.13065190219,2018,21934.04303346009
2021-03-07,21664.953902322704,47393.62867979039,2020,19949.209406194816
2021-03-08,21629.37556214168,18187.146681221668,2020,20877.442935060346
2021-03-09,21583.586741864205,41643.58066971868,2017,21115.20284714199
2021-03-10,21565.57485801783,57307.76357929345,2021,22721.385056569172
2021-03-11,21529.51469281403,31975.602699311385,2020,20514.71192905364
2021-03-12,21554.710359555836,84925.45827007966,2019,23493.418655739257
2021-03-13,21488.624756443052,36592.9328386822,2018,21799.58216823173
2021-03-14,21518.173660343607,28443.987133480638,2016,19776.132291509028
2021-03-15,21476.22384525528,25557.76041121164,2018,21508.576969853668
2021-03-16,21483.245566948004,75364.26322690242,2018,21843.07396220103
2021-03-17,21439.412129625154,59196.04178154573,2020,23406.476162341154
2021-03-18,21423.45951127109,72637.69590579612,2019,23189.25074163394
2021-03-19,21405.265935006584,36131.05941813507,2021,23291.4315057099
2021-03-20,21406.91690399432,46000.27770941423,2018,22036.35504409718
2021-03-21,21470.971142192502,90604.65455771645,2016,22084.09061839952
2021-03-22,21410.883696917757,39736.2213828368,2021,22201.48268648214
2021-03-23,21432.5504734394,91265.4222938298,2017,19499.236340679185
2021-03-24,21517.49211032305,96965.68963925095,2021,20503.56789260858
2021-03-25,21617.14659608923,11758.06667578503,2019,20556.401727971854
2021-03-26,21686.30325581881,54480.73825821523,2020,22905.77415701161
2021-03-27,21608.984040195595,65985.04031530526,2015,20185.264407530372
2021-03-28,21608.791105720753,11125.125946595888,2020,22662.30964156069
2021-03-29,21649.28013506455,41514.782285778616,2015,21293.984414108218
2021-03-30,21680.865332357796,12523.924765496462,2021,20687.602052504106
2021-03-31,21737.79404148121,65484.232840005694,2018,23493.61292324805
2021-04-01,21768.86389772039,51684.24722143349,2018,20907.495158631013
2021-04-02,21802.132077837367,33662.349060421584,2018,22994.509770249446
2021-04-03,21854.524635824906,79983.12488581633,2021,22983.43500259266
2021-04-04,21915.882623190482,58862.29679960739,2019,21374.443485091055
2021-04-05,21983.66562177072,39918.451026800685,2018,21218.271714713974
2021-04-06,22011.674002079002,94177.26162320284,2021,19825.9637366749
2021-04-07,21972.64475824459,97825.09285708153,2018,21810.400820775914
2021-04-08,22017.31216232882,26416.095306375773,2015,20597.788610037656
2021-04-09,22047.165580729823,98055.26154716415,2020,19890.47942502761
2021-04-10,22027.06862587185,62884.36168150918,2015,22537.20214926908
2021-04-11,22076.493191699596,88782.25891969353,2020,20423.255221905718
2021-04-12,22165.61564274504,36234.777361269116,2019,21306.680305625963
2021-04-13,22156.929955786793,14194.696568164196,2019,23107.0198974948
2021-04-14,22183.74936600304,11132.657313115758,2017,23270.92427035459
2021-04-15,22181.136924960294,48783.79767175454,2018,24186.203389103455
2021-04-16,22260.235577927524,10409.396432626128,2017,24077.195288674026
2021-04-17,22314.262394632948,50093.32842089635,2020,22381.841809692076
2021-04-18,22348.283424062185,76957.32225824546,2015,24339.60779511109
2021-04-19,22313.014144972713,70150.08269343234,2017,21609.33370885596
2021-04-20,22286.492463455852,75875.99481394349,2019,22511.738403084146
2021-04-21,22300.426642377835,63512.27903628477,2015,22497.663699352062
2021-04-22,22307.065918944987,95859.08326499084,2015,20175.72570140272
2021-04-23,22158.074342471577,31609.240255375942,2016,20099.116650473847
2021-04-24,22095.157435407276,91344.3857552984,2015,20937.64301792673
2021-04-25,22037.82176304223,98355.58479498696,2017,23938.767758090275
2021-04-26,22046.991882910956,10319.326332681148,2016,23829.60279084637
2021-04-27,21977.675942959297,48802.40073686744,2015,22578.040941805324
2021-04-28,22008.876051384163,70846.49899428117,2017,20100.969470187898
2021-04-29,22004.188573461077,65308.19956117175,2018,23995.68240982877
2021-04-30,22027.835397153078,99031.93196454913,2019,20116.144110871093
2021-05-01,22015.33764586953,69433.12739780208,2018,22040.421893866634
2021-05-02,21950.722230109197,65570.15665284131,2016,22479.555102763537
2021-05-03,21975.19628421102,93369.638774319,2020,22896.94024680625
2021-05-04,21869.24596061504,91190.29893904817,2017,23730.383329028045
2021-05-05,21766.358791625913,85076.73371588728,2015,21085.542619460557
2021-05-06,21653.805682623897,46663.72120688086,2016,21108.508558598838
2021-05-07,21629.946118233802,72774.83814799128,2019,21818.003947640285
2021-05-08,21580.68820368397,96039.99037817551,2017,20499.143748163668
2021-05-09,21450.572479567712,31589.74466193851,2017,21656.19170740501
2021-05-10,21411.468064517634,53918.31105711748,2020,20760.370283326996
2021-05-11,21332.63450653758,78181.40679456347,2019,23164.2436555723
2021-05-12,21253.185457058727,63798.88652584905,2019,20437.000600721025
2021-05-13,21165.79467285363,80537.32754805117,2020,21732.993394859262
2021-05-14,21074.154389703475,33760.94039759145,2018,20591.58779999713
2021-05-15,21010.390302908418,21774.289712523605,2015,23052.168742443104
2021-05-16,20896.99769464281,52409.13565813072,2015,22534.367203916838
2021-05-17,20790.03409840947,69833.31434198667,2016,20033.355216434502
2021-05-18,20723.71479887591,63779.17686344722,2015,18674.72357806465
2021-05-19,20702.258517734066,64960.79306920803,2020,19858.516970217854
2021-05-20,20705.1266882408,18339.56796819799,2017,20678.79962897142
2021-05-21,20635.00370886629,54218.69122295279,2021,19959.478290523904
2021-05-22,20535.37737633542,28221.85316040566,2015,21186.645908962702
2021-05-23,20505.785072336406,73961.02417638658,2015,19815.37611192654
2021-05-24,20490.164528623864,60257.7250902825,2021,19786.303998291176
2021-05-25,20488.1045410021,64069.97969417537,2015,22110.372430751064
2021-05-26,20447.368236668353,63601.02054288829,2016,19591.76200165924
2021-05-27,20558.61790322305,37559.21309821879,2017,20937.536789412843
2021-05-28,20466.290515194643,17503.22979485451,2019,20549.79292519953
2021-05-29,20377.376687571905,47178.01577575855,2019,19394.891377414417
2021-05-30,20301.98398035696,36796.72725049882,2017,18880.04325599053
2021-05-31,20248.018393595397,61273.67401848472,2018,19657.859740390668
2021-06-01,20213.25294739208,30082.397353906144,2015,19480.80251551737
2021-06-02,20134.593572775546,30133.161758466933,2018,19569.113865375937
2021-06-03,20153.1082985218,39264.03916091075,2015,21413.874412406007
2021-06-04,20129.079917443745,25599.20436488449,2021,20264.30546719344
2021-06-05,20114.56415588808,46180.96850192434,2018,22020.70310944321
2021-06-06,20129.751382311264,84161.54807766466,2017,19333.830285386874
2021-06-07,20139.55812399873,86680.39457679879,2016,19124.8625739322
2021-06-08,20177.976475030646,19742.235361980856,2016,18337.28523776232
2021-06-09,20196.690213642112,39765.71269749335,2019,21661.934984812244
2021-06-10,20229.01641839433,65189.08766013018,2018,20139.56444035422
2021-06-11,20227.068349976915,30425.365513008925,2019,19400.7325502699
2021-06-12,20279.87443861669,92752.92185061105,2015,18365.132294138577
2021-06-13,20349.77706156294,73597.0033040282,2019,20849.990109270682
2021-06-14,20391.118561419833,29826.09451066965,2018,19569.045132728465
2021-06-15,20397.53573696086,19601.4536242518,2018,21014.259866832315
2021-06-16,20482.04484546143,16639.827163534734,2018,18892.513220868834
2021-06-17,20519.594251181377,26917.667030826757,2015,20593.359127995616
2021-06-18,20580.00046419364,45599.30937256272,2019,19085.780808019346
2021-06-19,20669.71849258715,77570.97816045102,2019,21306.886395885012
2021-06-20,20834.678322801396,22689.905334161704,2021,21819.591943228963
2021-06-21,20939.216384282536,13281.598814706951,2020,22201.181215459113
2021-06-22,21082.535216181554,90253.05173857918,2019,22319.123751909905
2021-06-23,21201.641556076225,40183.7972780312,2021,22803.861455241407
2021-06-24,21243.83049439477,39732.544192971676,2019,22780.73810623655
2021-06-25,21295.96870012512,57259.66708347285,2020,22616.90173408404
2021-06-26,21314.453482482008,47784.67565080711,2019,20246.49559467199
2021-06-27,21469.474661953875,36570.71125833587,2017,23082.025984094944
2021-06-28,21597.409545939507,74402.13886466775,2017,21535.843551743623
2021-06-29,21732.780171355305,81295.17407332106,2019,20147.21946719229
2021-06-30,21740.284718098876,84365.17051470005,2018,23086.642008804218
2021-07-01,21775.35534329835,79302.72489035393,2016,23127.601326303517
2021-07-02,21867.91681188098,72138.5031975215,2016,21598.328625696548
2021-07-03,21996.371545802864,27371.11207790627,2017,22935.963643764382
2021-07-04,22171.58285079561,75848.53515329082,2015,20432.950144993345
2021-07-05,22298.856086358268,34724.024361740725,2015,20611.278043450806
2021-07-06,22419.860249760466,74963.5770819692,2020,21963.90562553421
2021-07-07,22476.870376713883,18807.66127635522,2021,21293.215656019664
2021-07-08,22633.05321779897,48071.43766546197,2017,24285.990731095408
2021-07-09,22697.305428934782,45371.64667998863,2018,24352.221459010107
2021-07-10,22812.1904718909,13303.103486672768,2015,21169.45850032025
2021-07-11,22943.68134934347,89561.76349396307,2020,22076.293086348654
2021-07-12,23049.747977346527,70883.20985213132,2018,22821.867238882518
2021-07-13,23131.978019759048,80043.16897274782,2019,21389.240109850816
2021-07-14,23199.90849704389,69914.88959867725,2017,21434.015124233363
2021-07-15,23338.179155700753,40870.01441006547,2016,23219.933736819927
2021-07-16,23354.085022623225,55611.44883257732,2020,23854.44531765859
2021-07-17,23427.23999883017,21587.075104117364,2017,21874.587949888388
2021-07-18,23523.944289175975,24545.55703366676,2019,21893.248563979938
2021-07-19,23575.258373793786,39166.1724214368,2015,24516.663565301922
2021-07-20,23552.177966249023,67931.6315371171,2019,25514.750628121037
2021-07-21,23623.341997990905,63963.52692198254,2019,21266.903624518844
2021-07-22,23684.998207973673,79773.41359512277,2018,24940.94277086931
2021-07-23,23739.679369928206,57894.14419938571,2018,21417.93089571868
2021-07-24,23823.607006636077,70810.38316546084,2016,25924.56041257961
2021-07-25,23902.873966185667,13949.540394531045,2015,23172.788340707488
2021-07-26,23996.727734082142,93996.8113227706,2020,25289.971333048456
2021-07-27,23992.061282608636,86156.83503500524,2020,24100.262915828735
2021-07-28,24068.837171964387,94295.31822133399,2016,23434.911183495096
2021-07-29,24070.25181098495,25626.25310670046,2016,23523.668633720066
2021-07-30,24166.5954966216,23137.600366098755,2018,25063.180780040613
2021-07-31,24223.451737702966,58621.96856617457,2020,26078.832311764378
2021-08-01,24296.82412070751,85484.66691567647,2016,25794.53784245385
2021-08-02,24274.06044124712,76454.02871158601,2016,23519.82970712738
2021-08-03,24247.244367067196,33276.299731464474,2020,25519.558206333204
2021-08-04,24202.44392181576,52772.43290001957,2018,22602.261469390935
2021-08-05,24227.036387147935,31182.382745444476,2019,21808.760163644958
2021-08-06,24275.462703347013,60780.71987182201,2019,25193.76681518038
2021-08-07,24191.255528594505,61077.907207871845,2018,22179.357166097237
2021-08-08,24214.01327707391,17480.792286775017,2017,23747.762354035487
2021-08-09,24157.49761072063,66953.49988570395,2019,25698.53516101913
2021-08-10,24076.20271044017,18732.72762963161,2015,23520.48938235816
2021-08-11,24029.422914640258,12511.408635738899,2018,21880.18009927825
2021-08-12,24029.404926084597,86961.65772114841,2017,21712.7181749393
2021-08-13,24083.34530674027,32360.244162158673,2016,26044.357561830042
2021-08-14,24040.391887473008,51859.02735446853,2016,25576.492056574218
2021-08-15,24059.34248658773,94416.4814871255,2020,24800.30320599015
2021-08-16,24073.767990181103,66287.20982012266,2018,21707.206318050637
2021-08-17,23982.54871485867,43534.52574529925,2020,25249.95751627836
2021-08-18,23908.071446903807,86665.73883116325,2016,23584.51121097591
2021-08-19,23879.73660644425,29311.713739659746,2018,21888.28191165208
2021-08-20,23776.458309345933,53943.615021384234,2020,24991.745752514948
2021-08-21,23759.17857725398,60916.48709160143,2021,24679.235956782777
2021-08-22,23650.851542540786,62724.371791051584,2015,22291.262235537764
2021-08-23,23648.189806134833,11575.888483650839,2016,22818.86432684394
2021-08-24,23593.525695391818,43927.07223249974,2020,25772.572005172384
2021-08-25,23523.47692944318,56340.35160613404,2021,21718.114818873386
2021-08-26,23471.217863613285,51206.24850498888,2015,24953.250536358966
2021-08-27,23438.03079508952,83974.866421917,2018,24144.457117354483
2021-08-28,23387.465816642918,75064.70147654873,2020,22098.685914734902
2021-08-29,23438.067444788063,93894.6870967738,2020,23762.82943845683
2021-08-30,23384.791579285724,30140.2711327485,2021,23739.179742967437
2021-08-31,23314.52219020078,24059.502761807045,2021,21202.32471693338
2021-09-01,23293.130467401137,28289.71132496569,2016,24171.615320342255
2021-09-02,23314.460973866662,69074.01202635404,2019,21220.67899617433
2021-09-03,23397.798687588314,32651.568863125984,2018,23684.03311729107
2021-09-04,23378.513417121107,69811.23705561474,2015,21245.2288706325
2021-09-05,23332.219133750878,71501.67318228527,2020,24671.74361759202
2021-09-06,23377.397080022616,17319.37096809517,2016,25565.848877698852
2021-09-07,23345.78514575869,76600.93827206119,2020,21328.532055273394
2021-09-08,23333.17067752601,38256.80047431988,2019,25099.90277951355
2021-09-09,23435.633383949884,29900.83697722361,2017,24767.28051612175
2021-09-10,23411.92670916115,33293.07503113185,2018,22993.415634516106
2021-09-11,23374.524095481876,90666.71116115336,2018,21846.09533243908
2021-09-12,23313.60764175233,64459.617595798576,2021,24441.886663989106
2021-09-13,23370.867164968717,68474.1828848107,2018,24468.924098816944
2021-09-14,23412.827496931306,29541.132420986047,2021,24179.412432497014
2021-09-15,23385.108250742545,42396.67918257554,2016,22505.92609795149
2021-09-16,23407.231491147642,82943.47196840735,2018,23193.822277764095
2021-09-17,23399.20827391151,40615.77070531792,2019,21116.90917811049
2021-09-18,23437.54821775241,83138.55933473418,2020,22677.81530371334
2021-09-19,23507.480861872627,27998.633361439148,2019,23448.724438105233
2021-09-20,23519.747686814608,75913.804438799,2020,22379.941836335067
2021-09-21,23678.256750670982,20512.988734097788,2018,23978.618845893237
2021-09-22,23669.466300296557,84014.68322853245,2018,22569.84656876678
2021-09-23,23739.277561424435,70544.08123804194,2017,24442.343317323903
2021-09-24,23716.801170043513,96158.60193187406,2016,24093.096187227005
2021-09-25,23805.09938272369,12656.99065035655,2021,25537.947828005832
2021-09-26,23770.031228760203,21867.135981017644,2020,22317.03647963098
2021-09-27,23786.943351635586,12454.715637571273,2015,25020.70607719884
2021-09-28,23813.727649764824,11507.524488380657,2018,25595.424731072137
2021-09-29,23836.89650902111,86144.74921608125,2015,21653.806658087695
2021-09-30,23883.057478840685,66828.25628996527,2020,23488.09217550981
2021-10-01,23964.163396743108,67938.75531152549,2021,23233.36158261825
2021-10-02,24060.571813738912,43851.49127556048,2021,21763.187492876576
2021-10-03,24030.180857481453,14796.813314522595,2015,25341.375780037724
2021-10-04,24041.611590603046,48806.84904350378,2020,25861.537786934692
2021-10-05,24189.703965581302,24163.03880530074,2018,25475.872465594595
2021-10-06,24218.42109405068,94113.571700218,2015,25306.39357737035
2021-10-07,24252.409636043754,89069.0491118341,2019,23544.9827704427
2021-10-08,24285.995653305912,37082.72633396814,2020,23046.814461625025
2021-10-09,24257.202300466044,11559.480750241737,2020,24242.837545870792
2021-10-10,24297.60268478042,11883.308680621369,2017,22356.83879274359
2021-10-11,24377.743749468875,57595.49212245114,2016,25056.237538349957
2021-10-12,24433.45040977673,84083.93512374938,2017,24971.179543967162
2021-10-13,24385.717712231588,40809.02798656444,2019,26347.158590736228
2021-10-14,24391.973254945646,69170.06015027426,2017,26373.64886287869
2021-10-15,24400.213197291287,87218.43540462802,2015,26674.896193071436
2021-10-16,24444.36182201958,67260.05270199456,2020,22333.233911196006
2021-10-17,24481.818840371117,10551.66988994322,2015,25583.379907085706
2021-10-18,24518.39209469263,59602.66189955448,2015,23603.236651735973
2021-10-19,24528.52307794289,25736.460166549918,2021,25659.941847271624
2021-10-20,24448.84746217898,82005.74665675143,2017,24742.910463207987
2021-10-21,24367.009136031542,47113.51836037145,2021,26716.53376048064
2021-10-22,24324.468996812935,49527.95861386477,2017,24189.25175068186
2021-10-23,24331.05392756324,37351.84064457108,2015,22475.652270424256
2021-10-24,24343.10110413049,30659.985085809854,2021,24966.611855675335
2021-10-25,24263.699051850766,24395.902313026276,2019,23975.504711407975
2021-10-26,24271.294197759187,46690.81419200595,2020,23454.261468665594
2021-10-27,24270.669846724828,58382.43513796374,2021,24778.701476162405
2021-10-28,24174.831575011263,91084.55860104281,2018,25858.719076874393
2021-10-29,24239.0722834743,46175.16339540021,2016,22991.064000324746
2021-10-30,24225.071427376235,38957.79447575931,2019,25071.538971229347
2021-10-31,24184.838377540094,83635.73201408474,2015,25322.564756157757
2021-11-01,24050.676528183714,72657.26711331622,2019,26276.402455481548
2021-11-02,23951.847295596457,20330.578346965907,2019,22595.038278031312
2021-11-03,23928.82692654782,73659.9345423299,2020,23996.06907091757
2021-11-04,23766.14571690428,95608.18815498031,2020,24719.06919399051
2021-11-05,23675.676074334187,54748.7664563423,2021,21540.121478785448
2021-11-06,23624.921775565927,54152.71711720165,2021,25373.370594463428
2021-11-07,23495.726884173746,75121.73060426698,2017,22748.857383559036
2021-11-08,23479.717756542123,27987.129825491767,2018,24305.053045641616
2021-11-09,23418.005476246384,43030.361027565734,2018,22969.3042998792
2021-11-10,23285.449999681558,38522.91287194645,2016,25138.116100821317
2021-11-11,23175.361861684847,99629.49103049819,2021,24598.702718525506
2021-11-12,23121.036280824494,24545.638991901036,2020,22970.177792607526
2021-11-13,23004.2411839453,25655.897217468082,2017,25067.984601720025
2021-11-14,22892.689125829154,51481.61144142436,2018,24124.735625552945
2021-11-15,22726.455335821556,34688.0708588869,2018,22421.224797396924
2021-11-16,22625.25856868227,88360.96118592621,2016,24375.94573258208
2021-11-17,22508.81243812315,49282.85955892647,2021,22640.283328641217
2021-11-18,22434.33221448462,71640.73235609967,2016,22700.00252646285
2021-11-19,22398.62398637851,83638.25567678067,2019,20650.254553138788
2021-11-20,22254.23301339859,34484.13702496812,2018,24005.42871615283
2021-11-21,22130.95113411493,75946.3810124093,2017,21653.022664543943
2021-11-22,21990.24358632226,45918.74527150586,2019,21903.654552181622
2021-11-23,21902.34015069277,32906.7471835888,2015,24038.965246780084
2021-11-24,21811.80170096086,90109.7934532014,2019,23232.87107941961
2021-11-25,21656.158798519933,60853.12980664109,2020,19989.393119095355
2021-11-26,21570.592678772526,54669.846355245216,2018,22750.011572056457
2021-11-27,21512.95777462929,26254.27016068886,2021,20375.120838209896
2021-11-28,21335.061394823242,91147.65588027965,2016,19908.53530924833
2021-11-29,21214.828682505966,67405.77608215577,2017,22574.534920237256
2021-11-30,21101.070717423223,95286.12955521069,2016,21258.56959015429
2021-12-01,21025.835131225223,13989.462460789107,2015,20907.57412401866
2021-12-02,20963.48673434515,20496.22012364247,2015,19321.129947753627
2021-12-03,20900.832512008656,88961.8656021904,2015,19204.8679393987
2021-12-04,20856.15801390113,50658.77481083928,2017,20441.6856228382
2021-12-05,20779.909216952874,52028.02169674368,2020,22611.995066743144
2021-12-06,20722.864969804614,30095.302724833793,2018,19560.88386628141
2021-12-07,20773.388500581383,53958.481426640654,2018,21690.770724034846
2021-12-08,20650.3728746288,49467.07034618773,2018,20795.13104827656
2021-12-09,20597.045803425044,74877.15142951162,2015,20811.53632799302
2021-12-10,20607.813070817392,67193.59978636279,2016,22467.272743374786
2021-12-11,20503.57507585039,81908.6684486267,2016,21979.62004213992
2021-12-12,20434.291277677115,80479.14451670331,2019,21862.164856987565
2021-12-13,20382.919017604785,47936.5888845665,2021,18556.311005385633
2021-12-14,20365.139127664726,37133.5708225352,2016,22353.73946716122
2021-12-15,20364.710489392903,39411.40057836733,2015,22173.673655074777
2021-12-16,20351.6744674629,99094.66130189276,2019,18759.1360939927
2021-12-17,20303.243418412003,46830.889774964315,2021,20508.28810777966
2021-12-18,20241.62515873826,77991.97657824753,2019,18324.50637742232
2021-12-19,20244.338859743606,17446.78810812439,2021,18651.538491720345
2021-12-20,20281.226401151114,48660.85286315682,2021,21770.2315651975
2021-12-21,20369.90378754858,39598.45796137427,2019,18508.261639464894
2021-12-22,20398.294310866884,24419.19235272803,2016,19413.382934097823
2021-12-23,20438.68600465609,12148.618268946182,2018,20404.48520132582
2021-12-24,20420.60903907663,32675.374051421855,2020,19445.34562394473
2021-12-25,20478.337412205827,81398.94858217215,2017,22254.67459587372
2021-12-26,20526.092379452646,36774.256162557474,2018,19805.103062350987
2021-12-27,20527.547684229725,88571.57718313969,2016,21409.070504661187
2021-12-28,20605.93521717752,62096.29193318342,2018,21732.04321201743
2021-12-29,20615.78538756077,82426.2121155785,2016,18755.567034787025
2021-12-30,20627.1181101616,99942.63329732053,2015,20152.509345343326
2021-12-31,20648.040333555477,67650.69079306457,2019,19395.405169963626
2022-01-01,20829.28690022383,40679.164693604704,2021,19815.103519006538
2022-01-02,20793.247983835216,37902.19992717437,2021,20423.331146767745
2022-01-03,20810.280083742447,97541.88791774992,2017,18960.90171385599
2022-01-04,20768.583703428896,74311.07460212545,2018,21233.82402936503
2022-01-05,20809.917815337234,55225.26604899157,2020,19526.51610690261
2022-01-06,20766.817801832836,29266.85467012573,2018,19041.874457782316
2022-01-07,20809.619992425753,54090.602391767774,2018,20584.973021469526
2022-01-08,20795.82376547986,78592.59298070197,2019,20132.367850174473
2022-01-09,20751.6086849529,97724.5088976741,2017,22722.919048360705
2022-01-10,20802.602037944303,70552.88360967729,2021,22054.532684575166
2022-01-11,20840.550135953054,12217.21873182344,2018,19883.52285191487
2022-01-12,20877.38693886704,51865.67275728144,2021,21259.616043244863
2022-01-13,20893.570682317262,84490.94921983694,2020,21038.36011458175
2022-01-14,20908.1983330112,55946.570992240464,2015,19589.874507579014
2022-01-15,20952.008768397947,40969.667158889395,2017,22060.967435811166
2022-01-16,21015.78521982976,87499.4439980762,2020,21859.584111647975
2022-01-17,21069.85643431767,61983.26971192761,2015,19502.172615239713
2022-01-18,21035.69063140865,55395.212538267966,2018,21981.49585055313
2022-01-19,21069.164632938857,53765.89762913008,2015,21611.299072355687
2022-01-20,21070.85980505921,71334.46482488984,2018,19005.032184303807
2022-01-21,21028.179137020437,50975.44845372103,2019,19142.422030208712
2022-01-22,21038.916110634527,61040.78488959734,2017,21237.8315697388
2022-01-23,21036.148228081485,35966.39379768756,2019,19314.273991452992
2022-01-24,20965.67429674645,25467.88279980327,2016,21414.281240379187
2022-01-25,20915.187253106284,83804.79616498192,2019,19546.726478909404
2022-01-26,20868.848314450446,38727.780222876834,2016,21649.04615721515
2022-01-27,20843.5861402622,21309.813324133058,2020,20300.94361642111
2022-01-28,20772.902146274075,26583.582863383985,2016,21776.131954882952
2022-01-29,20676.781669382166,47139.58061288381,2015,19401.336074582825
2022-01-30,20682.355696918476,35688.41967670086,2020,21317.21751154693
2022-01-31,20470.056602202454,72557.44549522895,2020,22404.70046590748
2022-02-01,20381.906060232006,41491.07877275867,2021,20336.45229293635
2022-02-02,20266.87882373788,62726.50190104376,2019,19371.75725729774
2022-02-03,20199.84672239491,25039.95093585628,2020,19451.839369561025
2022-02-04,20071.252017670653,22292.662784913446,2017,18826.727857865608
2022-02-05,19958.129744423855,91567.96612372709,2016,20250.223132091745
2022-02-06,19897.86861668466,87812.75656430073,2017,19950.242076185026
2022-02-07,19778.202736723073,90796.07670140517,2015,19975.5903905778
2022-02-08,19682.286925342203,54408.78491525895,2018,20404.004399298152
2022-02-09,19704.378767984068,16339.335098344764,2016,17804.520295771177
2022-02-10,19651.440004908618,37916.84725005536,2020,18181.105743272332
2022-02-11,19588.627879523458,89326.17948358336,2018,18465.651548593716
2022-02-12,19473.266819738066,48025.375495480526,2015,17552.680577730167
2022-02-13,19404.37209522193,39418.063974384,2019,18183.87494658338
2022-02-14,19296.545949524218,36594.71920468295,2021,20629.817909095975
2022-02-15,19148.659839961587,59449.912809212845,2017,19722.950035245227
2022-02-16,19059.41973057139,50704.94896117538,2016,17767.685886022115
2022-02-17,19061.133238575734,43740.06517035259,2020,17290.964714968282
2022-02-18,18946.9949882646,48073.92022467667,2020,17997.133313908
2022-02-19,18844.150806713253,33999.822891381,2016,19648.380740597397
2022-02-20,18738.375235121992,27264.054837317926,2021,18535.988821132134
2022-02-21,18587.48318518236,28166.3496859242,2019,18719.456525681187
2022-02-22,18595.047037001976,13450.997075674295,2018,18727.441943788723
2022-02-23,18587.20086051556,95104.35227011735,2018,17604.308223446442
2022-02-24,18475.83955463613,96085.35829329453,2017,17251.864569738038
2022-02-25,18416.884301742415,19259.73275057685,2017,17157.17135034704
2022-02-26,18346.595979471786,16643.170484593036,2018,20050.09036156392
2022-02-27,18301.586719321796,47463.99497853158,2015,19910.355062353337
2022-02-28,18320.81328203307,78755.00576586764,2016,19228.636983557626
2022-03-01,18212.04861910646,84343.2372221769,2016,18748.454171734928
2022-03-02,18267.246662382462,11925.072864279551,2019,17262.443732168213
2022-03-03,18271.550232729016,35497.21396672941,2019,16871.182565872172
2022-03-04,18372.40264423747,58177.56199714868,2021,19969.19109991223
2022-03-05,18463.144116024134,22158.6060614625,2015,17653.12254074055
2022-03-06,18472.884572980904,97299.08630740753,2016,17325.43310696009
2022-03-07,18584.310487751514,32616.53324224884,2019,20163.087472539715
2022-03-08,18553.90083023683,57823.50932649583,2019,17278.331755886684
2022-03-09,18629.9510483874,19868.83565572307,2015,17877.51426047583
2022-03-10,18691.687149846923,40501.539769491166,2016,17488.359406813903
2022-03-11,18640.683077112055,21080.013143959557,2015,16831.745497923537
2022-03-12,18598.463876671824,92066.21476308601,2016,17423.36728113335
2022-03-13,18607.658285646252,95487.54221248534,2016,18437.22761127305
2022-03-14,18714.253960325048,58718.84824164908,2019,18829.170237884184
2022-03-15,18730.619726794954,41486.32273257132,2020,17486.195435216803
2022-03-16,18828.489797196504,39114.243228008214,2021,19644.281479712445
2022-03-17,18960.694902896772,93131.03399663582,2019,19095.364451885027
2022-03-18,19006.30354748419,65740.43712974718,2017,19388.500385663963
2022-03-19,19030.781160260798,46863.32889702919,2015,18343.090248363813
2022-03-20,19180.333237724266,79439.3259093058,2018,18024.226666300234
2022-03-21,19298.13399989228,58176.06177255852,2021,20443.259241812128
2022-03-22,19462.795000057413,29617.49422789012,2018,18890.765006524944
2022-03-23,19549.799131633856,31464.18474047839,2017,19635.398684444313
2022-03-24,19659.7641853873,34768.30472702286,2015,20609.275180426408
2022-03-25,19810.862071243482,11440.683514661681,2020,21297.97912992681
2022-03-26,19933.635164975978,33023.2156011075,2016,19728.31065029264
2022-03-27,20037.578336484785,65019.760048946955,2019,21930.998965840718
2022-03-28,20134.539304396032,77804.61135294106,2015,20245.782820446795
2022-03-29,20236.19565679672,20208.752435708528,2019,21424.476273766806
2022-03-30,20320.853667075662,97502.10529566837,2016,18602.136828482628
2022-03-31,20497.312737739358,53987.46946297221,2019,18828.366345157774
2022-04-01,20517.718225362263,15601.786146722623,2018,20986.742196392875
2022-04-02,20649.36842577205,94597.86943044263,2015,20175.96311979519
2022-04-03,20716.11144795804,34450.53761377947,2019,21810.056850062174
2022-04-04,20826.58649872615,37874.13843511142,2017,21125.693509543373
2022-04-05,20921.548226767398,51341.13850415354,2015,21414.90539112172
2022-04-06,20956.874646792774,39193.50667004731,2018,19563.443751521852
2022-04-07,21142.816859558923,25991.03085119844,2018,21361.74810312351
2022-04-08,21222.433121051195,21441.592315032314,2018,21412.15750889092
2022-04-09,21356.31414514132,55871.65391050004,2015,22370.813803447967
2022-04-10,21442.27959861533,16347.70623280669,2020,22313.26437968159
2022-04-11,21640.681164991438,73885.07501066034,2019,22172.516403930065
2022-04-12,21749.95320409492,40769.764302388474,2020,20266.594871407007
2022-04-13,21794.975128616592,99336.17519788363,2019,23838.398780152067
2022-04-14,21953.670976959016,15656.80593957612,2017,22433.0011943505
2022-04-15,21993.41951441042,14371.458280811687,2020,20514.381778435643
2022-04-16,22103.913505844936,32662.813349261225,2021,23448.50925900007
2022-04-17,22225.475449001326,41645.00041569151,2016,20630.425365003255
2022-04-18,22295.632000482714,83192.20052523415,2020,21274.10486102847
2022-04-19,22284.666240140417,84670.64653061163,2017,22565.229513155027
2022-04-20,22315.789678954094,75122.73101261645,2015,20763.655137199148
2022-04-21,22366.344252087787,84315.44643332165,2020,20517.872378809712
2022-04-22,22436.2662373296,75550.86004411784,2021,23244.791011393423
2022-04-23,22457.30081711463,88570.3155560058,2017,20398.375653961448
2022-04-24,22451.36783848527,51806.188276297275,2019,21780.39652330224
2022-04-25,22479.672501798424,34879.43539424425,2020,21335.542016827632
2022-04-26,22512.48440037121,66651.24855605044,2019,24473.85325912504
2022-04-27,22554.02197381969,42811.20588405009,2015,22910.90156266915
2022-04-28,22593.685117938396,16087.886524289199,2019,20647.125139788182
2022-04-29,22631.691115254533,87025.2504171655,2016,22222.340360447954
2022-04-30,22711.509260073646,85068.63247298359,2020,22138.430274110786
2022-05-01,22778.332421436487,54668.14601462707,2018,21162.8578751805
2022-05-02,22778.12779336789,51941.449739508345,2021,23839.896886934723
2022-05-03,22718.11399671318,20698.058013171598,2021,21296.78002831766
2022-05-04,22711.435259582602,21330.77943809452,2017,24291.853579276034
2022-05-05,22704.765664503462,81798.27200153674,2015,24693.404818449493
2022-05-06,22718.759707392444,86860.89339856783,2017,20844.12312444069
2022-05-07,22670.92590531291,10511.337058584424,2021,23398.766887775673
2022-05-08,22633.998021144365,80551.12901975133,2018,23205.97303504292
2022-05-09,22582.35502018244,58237.31580335133,2020,22638.192439300878
2022-05-10,22582.343082307274,49361.61359537697,2015,23200.69907610678
2022-05-11,22474.16551932754,52794.35269875266,2019,24292.324059315375
2022-05-12,22443.745774285835,74174.46509810214,2018,23594.938308058936
2022-05-13,22388.080676228725,10215.119111006308,2019,23039.458177171404
2022-05-14,22376.66594546261,15642.328196545372,2019,22053.304704646773
2022-05-15,22351.328937339375,85720.16761671846,2021,21198.157498566816
2022-05-16,22258.868576680812,99788.5979462944,2021,20940.646594651873
2022-05-17,22184.546244024416,31742.629067932154,2017,20928.896372464256
2022-05-18,22190.135961450327,46010.56936940976,2016,23806.492116211946
2022-05-19,22161.88353795602,73175.30128414396,2020,20476.8023109404
2022-05-20,22132.006241459378,69830.53024005,2018,20432.14424067063
2022-05-21,22136.442513420854,80536.01174015045,2019,20017.04067510234
2022-05-22,22115.031517105257,92270.95254739921,2019,23116.66823173482
2022-05-23,22012.156353894552,33766.309971862385,2015,19834.464978168406
2022-05-24,21960.689837796825,57436.79562244662,2019,23805.746204874384
2022-05-25,21986.62255707697,22644.458977739705,2016,24058.88210947456
2022-05-26,21973.60845408078,97328.01348879623,2018,20804.917070043797
2022-05-27,21917.040420793437,78165.97330689049,2019,19904.19284755281
2022-05-28,21942.645280850364,26861.58062317239,2015,23978.10703641012
2022-05-29,21943.927011692027,76586.78283950397,2020,20667.87794476604
2022-05-30,21811.015361627276,81895.03988352498,2020,21967.840797829434
2022-05-31,21758.413551655136,22280.370263898098,2015,22406.628260529797
2022-06-01,21701.564900572528,54930.750022252025,2017,22103.863432346916
2022-06-02,21681.582654738017,84046.37910114923,2018,23181.826442426925
2022-06-03,21658.632697527282,41245.338454735924,2019,21588.681428972915
2022-06-04,21656.84743485912,14542.744471576176,2020,21752.641844910882
2022-06-05,21725.88906825481,40967.30867251721,2019,23894.130033695626
2022-06-06,21721.00385417862,80378.14168264701,2018,21984.888766269985
2022-06-07,21715.887205300765,19035.951042961293,2021,20403.160837173305
2022-06-08,21763.596450228193,37922.279857135756,2020,20317.31664437442
2022-06-09,21768.266618319765,86822.50608361646,2016,23369.01112552798
2022-06-10,21848.192605703516,24574.17887966014,2018,21235.422533001696
2022-06-11,21900.928179006132,44978.67925602054,2020,23859.07796275477
2022-06-12,21992.44640037894,59876.6570627318,2021,23336.407610785263
2022-06-13,21981.602854382527,26014.52993962341,2017,23936.359442537447
2022-06-14,22006.29834281929,73058.87174644417,2017,22277.65366335822
2022-06-15,22006.57647015895,80317.62113788498,2017,19990.302259533943
2022-06-16,22058.704088413917,67112.53459907336,2017,23606.666646772268
2022-06-17,22092.707150971644,87562.68952225336,2019,22444.126380867212
2022-06-18,22129.39330516185,21763.104837421277,2017,23757.087477360787
2022-06-19,22180.06437817056,10296.548560814623,2015,21222.984931308034
2022-06-20,22189.317029602775,34024.626075251545,2018,23773.778225234735
2022-06-21,22309.607683029193,85603.1981038838,2019,20973.651595687614
2022-06-22,22387.938009441008,21427.58135028621,2017,21412.364858956487
2022-06-23,22457.8733414628,78745.81807343446,2019,20862.669457457603
2022-06-24,22460.124256437834,93637.0569774962,2015,20836.10668935041
2022-06-25,22508.741852197316,60469.49131278431,2019,20726.19458194244
2022-06-26,22505.82963258015,89473.5396393011,2018,22663.50216470155
2022-06-27,22508.7733398295,32329.408884536268,2018,23299.470894880313
2022-06-28,22542.73930316134,75053.96041664385,2015,21242.04448925684
2022-06-29,22615.658610392184,80211.96684437599,2016,24492.533871256885
2022-06-30,22678.53956868281,53874.52293240221,2021,20861.84935898268
2022-07-01,22765.327256221844,64247.77181323136,2017,20985.405126035912
2022-07-02,22869.012624203762,18000.52752671882,2020,24624.75394605959
2022-07-03,22905.694307939386,34870.29875319915,2020,23791.962883817218
2022-07-04,22971.438227349186,16911.494956977385,2016,21514.053790212427
2022-07-05,22942.768737959148,31549.685661398344,2015,25170.13179134518
2022-07-06,23019.796170911268,90331.46278735959,2020,20869.31783228844
2022-07-07,23165.113496329257,12776.13039753639,2015,21351.33083374491
2022-07-08,23192.907627127166,54714.72030970764,2019,22181.956701311745
2022-07-09,23242.68141045389,57039.93913745453,2019,24332.896399463352
2022-07-10,23233.206267712623,35719.52398744707,2016,24231.072155917507
2022-07-11,23276.52589400137,80346.10762759809,2019,24660.469384110933
2022-07-12,23286.39384530641,63058.94132433025,2018,23496.7180243186
2022-07-13,23295.871845161502,27572.046695785906,2016,23759.73913992472
2022-07-14,23354.374105859337,52406.77017175309,2019,22630.88287422204
2022-07-15,23411.395815901054,12103.159423209761,2018,22868.838340705133
2022-07-16,23420.05253153471,11611.603584129829,2021,21530.1759931121
2022-07-17,23346.58948432781,76139.74815329767,2021,21565.83379874435
2022-07-18,23372.551172663138,25503.75811999137,2017,24294.074159861644
2022-07-19,23319.065140898416,97163.39091037562,2016,21102.99273500396
2022-07-20,23331.085072051963,42238.92900758232,2020,23109.53140316954
2022-07-21,23251.309573629584,72884.44705705662,2018,24005.40809105189
2022-07-22,23166.649028888918,51622.84044314508,2016,23085.358968077584
2022-07-23,23140.407319770307,46851.60245171056,2021,21145.38205379068
2022-07-24,23107.14228989238,70114.21145601512,2016,24342.629078072794
2022-07-25,23091.6527552293,66345.15122233002,2018,22980.884253511103
2022-07-26,23149.168360102973,88917.69067167254,2021,22188.947867827468
2022-07-27,23113.613490670017,17597.920942256325,2015,21588.2819454826
2022-07-28,23085.934251788367,55589.92848935421,2017,23614.783775787728
2022-07-29,22923.887831269385,64691.65271270737,2021,24868.59267290048
2022-07-30,22864.78188423937,68486.54732363416,2015,21787.273580902718
2022-07-31,22782.84523624816,66293.20522310316,2018,24489.711242023375
2022-08-01,22680.96230047071,43105.93906402921,2019,23422.557194400448
2022-08-02,22663.0007668901,12796.938162588867,2021,20479.599950214913
2022-08-03,22626.52340283851,74214.67637911822,2016,24207.866978355087
2022-08-04,22533.090599692732,13945.5482411418,2016,22064.773188437433
2022-08-05,22452.85440950543,52364.296264970086,2020,24001.29755352625
2022-08-06,22328.8390603696,74721.08793299599,2018,20984.558465894374
2022-08-07,22186.54939815512,34616.04367848782,2020,22268.959002655643
2022-08-08,22048.795772008263,12502.051835535549,2018,20748.06471940078
2022-08-09,21943.00339243332,18344.843273286424,2018,21896.16481228506
2022-08-10,21820.582579191054,22519.547549025512,2018,23662.202707294102
2022-08-11,21744.13279873693,69858.82531125414,2016,21768.367243281442
2022-08-12,21640.63012733137,68817.74750513578,2017,23774.31188567429
2022-08-13,21415.24153566296,98055.82519964277,2018,20433.963369495952
2022-08-14,21308.461246229308,39149.000340333885,2015,21747.663004906404
2022-08-15,21204.130208491813,21823.369634215844,2021,23184.045251435276
2022-08-16,21113.251912388485,25527.83369500497,2018,22188.840240238827
2022-08-17,20982.414824044587,12894.703829962105,2016,21787.712071384427
2022-08-18,20836.874705763563,84149.0457734956,2018,21848.991225746176
2022-08-19,20646.381938241462,16853.974926482268,2017,19945.786198857008
2022-08-20,20526.62469166087,90429.40780379216,2016,19667.447791604354
2022-08-21,20476.7361190079,14359.355490783579,2019,19021.554384312713
2022-08-22,20387.625135083308,83198.06891124493,2020,20809.09702790395
2022-08-23,20244.556707934298,27617.999459938306,2016,21954.840710209835
2022-08-24,20107.876137835665,12077.481154904946,2021,21173.3852164717
2022-08-25,19962.3645687124,73139.07345393731,2020,21902.892216358214
2022-08-26,19886.641575479818,10238.50449699546,2015,21842.764575039266
2022-08-27,19798.86908830676,36790.286263447124,2021,19537.797510069802
2022-08-28,19863.56391369778,15138.343441425706,2021,19930.234859572578
2022-08-29,19740.23997889409,20923.01059301631,2019,21019.60075713568
2022-08-30,19684.510043294744,21286.940721460465,2015,20729.99533230959
2022-08-31,19601.878653561966,75087.13073242293,2019,20679.701211930857
2022-09-01,19484.434935312875,97493.92728039624,2015,19708.784588069393
2022-09-02,19391.83933222518,32012.80214771881,2017,19728.81852553699
2022-09-03,19345.765860381067,45901.55746525579,2019,20674.5918459493
2022-09-04,19234.76277910984,43695.08055448575,2019,20941.370457872265
2022-09-05,19215.384205087856,33111.74734561587,2019,20280.948345758698
2022-09-06,19192.81221309,74143.3396683427,2015,20234.854585264347
2022-09-07,19151.00792060601,34418.12088719012,2020,17842.52479058136
2022-09-08,19126.84764617588,56297.315290596955,2020,20487.569447269816
2022-09-09,19094.14537495706,21677.52463388851,2019,20794.092252301987
2022-09-10,19051.774116029992,86316.67407551369,2020,18184.980965576506
2022-09-11,18993.564414887907,71863.54051891553,2021,17821.524460779747
2022-09-12,18971.54080799188,58488.274299172845,2019,17700.130043006255
2022-09-13,18895.82878676055,65267.69277543187,2020,17091.392484223674
2022-09-14,18860.26986582458,30193.279866555004,2015,18507.59472649959
2022-09-15,18806.114534090168,85965.0251875914,2017,17598.827976111883
2022-09-16,18787.228665623457,21016.82987331816,2016,17386.646660394294
2022-09-17,18826.281550121137,89303.71776333137,2019,19689.223206308965
2022-09-18,18896.87860978891,65182.61327477848,2021,19887.143459531326
2022-09-19,18864.11070493822,94633.37608132274,2015,19624.50133709145
2022-09-20,18814.276459422406,35934.672270474126,2018,19438.394260630586
2022-09-21,18796.460878696074,94184.31630457687,2017,18862.549913678602
2022-09-22,18868.51370133158,67447.62360724014,2019,17212.96937210155
2022-09-23,18930.07432403887,10898.947630174398,2019,20739.93040066093
2022-09-24,18933.551295098987,19260.19868284517,2020,20773.465546221712
2022-09-25,18951.760807489587,63358.08110245679,2019,20409.705825916157
2022-09-26,18889.87538373481,18557.19833042984,2018,19880.07151069071
2022-09-27,18832.19121504116,77308.90354661821,2018,19833.938695574197
2022-09-28,18929.850473580314,70477.41542471567,2021,19293.371838767445
2022-09-29,18983.365618527467,26860.745788039316,2021,17511.72148628719
2022-09-30,19016.328100037845,67323.30178379218,2021,20240.5969389758
2022-10-01,19064.414895875623,61004.771240628594,2020,19740.602055048632
2022-10-02,19018.73254273138,32170.097902734917,2019,17414.231579572646
2022-10-03,19040.250562939953,73680.68227635903,2020,19448.372992702683
2022-10-04,19035.05045953875,32617.64661347507,2017,17844.4195064894
2022-10-05,18989.348162487877,87825.4947900479,2016,19204.674667965268
2022-10-06,18952.81718786388,45661.80778542449,2018,18003.515632242917
2022-10-07,19009.487199127398,54574.333095917566,2019,19535.671828991293
2022-10-08,19055.07402804645,69519.43098500173,2021,20107.51294049561
2022-10-09,19029.46319018531,89466.88190757929,2021,17315.546907560733
2022-10-10,19046.37703564232,51055.0572899351,2015,17421.43456269417
2022-10-11,19091.983417926946,68941.06974443869,2019,20992.833444913715
2022-10-12,19167.370406410526,63716.445108702814,2019,19870.692540015076
2022-10-13,19296.830484117043,16493.660599425024,2017,18560.00138297539
2022-10-14,19279.294185015216,66960.13850534445,2016,18268.61854359112
2022-10-15,19351.81161354632,14173.034507685888,2020,19037.552985270584
2022-10-16,19353.58719099597,55504.98793515595,2018,21079.300646036136
2022-10-17,19362.54755285694,19587.44571463018,2015,20096.245777888802
2022-10-18,19337.437749404286,64781.02505506375,2017,21246.840267775526
2022-10-19,19370.97357436052,74888.56287676626,2017,19566.223474454557
2022-10-20,19402.527377959625,80720.23705816083,2021,19101.875731400407
2022-10-21,19412.84660509292,63101.004498399765,2020,18267.763942686826
2022-10-22,19419.578069676485,99036.80571939565,2020,19568.31185340616
2022-10-23,19400.07035362065,42390.86911007734,2017,19958.506433991653
2022-10-24,19418.11604547451,11019.814309908894,2017,19477.281538711664
2022-10-25,19355.13632522179,83657.9375253206,2017,17938.495664313778
2022-10-26,19371.877923989014,50709.94356782251,2020,18085.746575329707
2022-10-27,19402.793976770743,58832.50930126011,2020,20522.167427389602
2022-10-28,19389.77336719719,86230.3512182784,2021,18280.351917759002
2022-10-29,19340.50309865523,33579.09533705532,2020,17813.81473416766
2022-10-30,19320.948636868867,39407.32331618834,2021,18021.591852485544
2022-10-31,19254.37226408988,18703.920338173542,2020,20789.810525368684
2022-11-01,19295.290455019964,71361.27106261822,2017,19771.692677187333
2022-11-02,19274.885098617327,29169.53789610149,2016,20323.325140530727
2022-11-03,19201.317032790776,86791.39831297786,2016,18161.40032899586
2022-11-04,19194.86914831589,64924.48373862079,2015,19690.31831653922
2022-11-05,19203.475870397288,92022.89373784586,2017,18027.36395976973
2022-11-06,19095.736510286642,15489.54202736471,2018,19174.767075630716
2022-11-07,18990.24381992607,99253.76049556378,2017,17369.26666611585
2022-11-08,18924.962986003567,45801.37093764279,2015,18989.462865673468
2022-11-09,18825.41412850643,59109.7176758124,2020,17804.289431974004
2022-11-10,18704.143673161365,67936.06579336013,2015,17661.323654384876
2022-11-11,18652.84166275448,53675.04842961214,2015,18639.38533143862
2022-11-12,18488.3143232046,57509.95040051177,2021,18756.684999121975
2022-11-13,18447.534562179986,47544.0058720828,2015,19192.422977548027
2022-11-14,18364.26089661201,26819.501055868688,2020,17645.405189816025
2022-11-15,18319.8736317517,97249.85521296319,2018,17544.28036292975
2022-11-16,18233.833089890093,82098.65266894278,2021,16716.968236987548
2022-11-17,18173.164036836137,63810.24258874063,2019,17509.94252838096
2022-11-18,18133.97443895828,15092.366311061309,2016,17575.597392305608
2022-11-19,18130.098835563727,90525.1280386344,2015,18106.17412449764
2022-11-20,18133.572345455592,16966.500515693202,2018,17829.458015188007
2022-11-21,17968.918319334167,80396.35349857087,2016,18679.79269768453
2022-11-22,17895.43427579406,15294.862073779423,2015,17726.4418829944
2022-11-23,17815.35229839217,78514.06957675212,2021,19028.9774020449
2022-11-24,17729.361977091903,86011.90127671942,2021,17838.5086700576
2022-11-25,17708.475023469433,50477.471710381804,2020,18019.15348909207
2022-11-26,17677.862594348364,59912.98060326746,2017,18374.949082378487
2022-11-27,17590.340773275853,85382.31423545588,2020,18206.628147232557
2022-11-28,17554.94846815042,97361.85824280514,2015,19079.182959109457
2022-11-29,17539.060810782557,11599.089021135087,2021,18382.728947174295
2022-11-30,17539.122416185375,21680.862641263833,2020,19136.549682156754
2022-12-01,17526.46766486417,87773.10537432945,2017,16972.589403788275
2022-12-02,17503.86789601896,71069.36111589399,2015,19159.517944625604
2022-12-03,17567.948059023845,34512.777299053596,2016,17915.67061512215
2022-12-04,17587.245321835697,50061.39970003693,2021,16918.599890781104
2022-12-05,17562.692358101,20005.559411192386,2019,16290.614571386748
2022-12-06,17633.133032725033,12581.282415401616,2018,17694.917632858585
2022-12-07,17646.830252962718,75878.66275144358,2017,19279.659054963417
2022-12-08,17746.758473926464,75166.47782556585,2019,18958.94387289831
2022-12-09,17820.670248199418,72485.91593291632,2018,18699.88432309103
2022-12-10,17886.578319455737,89600.52130821045,2017,16292.67603596879
2022-12-11,17843.252777121663,35797.62435578578,2018,18819.63933651231
2022-12-12,17912.414723506943,48125.60399626777,2017,18585.05734816083
2022-12-13,17923.644101749916,32551.997750947976,2020,19133.638059622444
2022-12-14,18003.676991899403,66277.69662126637,2018,16580.978952774913
2022-12-15,18102.051056357017,67331.52378870326,2015,17718.039317088183
2022-12-16,18204.47419936949,46699.973458202425,2018,17611.59038728744
2022-12-17,18258.482673858132,94161.7918077216,2016,19252.47149080921
2022-12-18,18329.536353809814,53969.49584672415,2021,19282.3606573027
2022-12-19,18388.418718619203,92588.17189858509,2015,18388.487635899764
2022-12-20,18325.08710383146,75741.09853799232,2017,17825.599681251773
2022-12-21,18487.70470435932,94478.74298158508,2020,17021.084145166147
2022-12-22,18586.11537922166,78193.08771424038,2019,17291.321288219246
2022-12-23,18692.80446580654,30222.350576535875,2020,16862.63508569512
2022-12-24,18884.277461550646,72069.76267625348,2018,19921.429365571097
2022-12-25,18949.339243328923,31459.538636499547,2021,20542.84855498746
2022-12-26,19030.24223536647,36155.16273264345,2020,17254.062874972213
2022-12-27,19220.85635830169,29930.056726740135,2021,20355.704519866344
2022-12-28,19314.11691444132,54673.72195274558,2019,18449.40356011963
2022-12-29,19356.395087395387,49061.47085128981,2015,19413.87415706915
2022-12-30,19436.61463409256,91642.2303798351,2018,20187.451024735936
2022-12-31,19456.33214578477,63381.73913071024,2015,18814.281169135553
